<?xml version="1.0" encoding="UTF-8"?>
<beans xmlns="http://www.springframework.org/schema/beans"
	xmlns:context="http://www.springframework.org/schema/context"
	xmlns:xsi="http://www.w3.org/2001/XMLSchema-instance"
	xsi:schemaLocation=" http://www.springframework.org/schema/beans  http://www.springframework.org/schema/beans/spring-beans-3.0.xsd http://www.springframework.org/schema/context  http://www.springframework.org/schema/context/spring-context-3.0.xsd">
	<context:component-scan
		base-package="com.huawei.*" />
	<context:annotation-config />
	<!-- Specifying base package of the Components like Controller, Service, 
		DAO -->
	<context:component-scan
		base-package="com.huawei" />

	<!-- Getting Database properties -->
	<context:property-placeholder
		location="classpath:application.properties" />

	<!-- <mvc:annotation-driven /> -->

	<!-- Specifying the Resource location to load JS, CSS, Images etc -->
	<!-- <mvc:resources mapping="/resources/**" location="/resources/" /> -->
	<!-- View Resolver -->
	<bean
		class="org.springframework.web.servlet.view.InternalResourceViewResolver">
		<property name="prefix" value="/WEB-INF/pages/" />
		<property name="suffix" value=".jsp" />
	</bean>

	<!-- DataSource -->
	<bean
		class="org.springframework.jdbc.datasource.DriverManagerDataSource"
		id="dataSource">
		<property name="driverClassName" value="${database.driver}"></property>
		<property name="url" value="${database.url}"></property>
		<property name="username" value="${database.user}"></property>
		<property name="password" value="${database.password}"></property>
	</bean>


</beans>